{
  "source": "results\\qa_eval\\conv1.json",
  "baseline": "no_watermark",
  "memmark_recomputed": {
    "overall": {
      "n": 105,
      "f1": 0.33925460920658806,
      "bleu1": 0.28880677523534665,
      "rougeL": 0.2743886636462596,
      "acc_f1_ge_0_5": 0.34285714285714286
    },
    "by_category": {
      "1": {
        "n": 11,
        "f1": 0.25351477153984986,
        "bleu1": 0.19578905942542305,
        "rougeL": 0.14467628382435682,
        "acc_f1_ge_0_5": 0.18181818181818182
      },
      "2": {
        "n": 26,
        "f1": 0.7423076923076923,
        "bleu1": 0.7435897435897435,
        "rougeL": 0.7166666666666667,
        "acc_f1_ge_0_5": 0.7692307692307693
      },
      "4": {
        "n": 44,
        "f1": 0.2393879881762137,
        "bleu1": 0.2008567821067821,
        "rougeL": 0.1951372097149089,
        "acc_f1_ge_0_5": 0.25
      },
      "5": {
        "n": 24,
        "f1": 0.125,
        "bleu1": 0.0,
        "rougeL": 0.0,
        "acc_f1_ge_0_5": 0.125
      }
    }
  },
  "official_locomo_recomputed": {
    "overall": {
      "n": 105,
      "f1": 0.3391639062587423,
      "bleu1": 0.28880677523534665,
      "rougeL": 0.2743886636462596,
      "acc_f1_ge_0_5": 0.34285714285714286
    },
    "by_category": {
      "1": {
        "n": 11,
        "f1": 0.2555349735600519,
        "bleu1": 0.19578905942542305,
        "rougeL": 0.14467628382435682,
        "acc_f1_ge_0_5": 0.18181818181818182
      },
      "2": {
        "n": 26,
        "f1": 0.7423076923076923,
        "bleu1": 0.7435897435897435,
        "rougeL": 0.7166666666666667,
        "acc_f1_ge_0_5": 0.7692307692307693
      },
      "4": {
        "n": 44,
        "f1": 0.23866648745471294,
        "bleu1": 0.2008567821067821,
        "rougeL": 0.1951372097149089,
        "acc_f1_ge_0_5": 0.25
      },
      "5": {
        "n": 24,
        "f1": 0.125,
        "bleu1": 0.0,
        "rougeL": 0.0,
        "acc_f1_ge_0_5": 0.125
      }
    },
    "recall_mean": 1.0
  },
  "diff": {
    "f1_overall": 9.07029478457444e-05,
    "acc_overall": 0.0
  }
}